"Timestamp","SHA256","Agent","Status","Type","Omega","Coherence","Entropy","RMS_Drift","State","Bias","Alpha","Codons","Glyphs","Coherence_Gate_Pass","Entropy_Gate_Pass","Drift_Gate_Pass","SE44_Validated"
"2025-11-02 07:04:49","05a6e2e405003b2483361f8d7f3faf693f7e3bcc3bb7b6ce73c758db4e35b390","Eya","validated","genetic","0.000000","0.994053","0.001584","0.000252","N/A","N/A","1","TAG;GAT;CCC","⧃↘ · ⟁⧊ · ⧃⧃","TRUE","TRUE","TRUE","TRUE"
"2025-11-02 07:04:42","ed8ef0a493c23cc415c8f57fe687eda776a2cb2d27de8a5ed12b796f7928895d","Eya","validated","genetic","0.000000","0.985650","0.003290","0.000256","N/A","N/A","1","TAG;GAT;CCC","⧃↘ · ⟁⧊ · ⧃⧃","TRUE","TRUE","TRUE","TRUE"
"2025-11-02 07:04:38","32abf31b5cf89e26b7faa5f672acab5ca12098310fb3f22dab7e98541bcd1c2c","Eya","validated","genetic","0.000000","0.995478","0.004682","0.000760","N/A","N/A","1","TAG;GAT;CCC","⧃↘ · ⟁⧊ · ⧃⧃","TRUE","TRUE","TRUE","TRUE"
"2025-11-02 07:04:34","39d402268d929cbc1f9c5faa6c6e6ffcf6fa6a89e85f4a085f97c2d47707be08","Eya","validated","genetic","0.000000","0.995719","0.005628","0.000591","N/A","N/A","1","TAG;GAT;CCC","⧃↘ · ⟁⧊ · ⧃⧃","TRUE","TRUE","TRUE","TRUE"
"2025-11-02 06:55:55","a8f74483ed3f7bf54cc22b7488880249d8da8fd8a112a2fc870b862551b90868","Nova","validated","omega","69.312000","0.999766","0.008966","0.000242","10.5","50.3","1.14","ATG;CCC;TTG","⧖⧖ · ⧃⧃ · ⧖⧊","TRUE","TRUE","TRUE","TRUE"
"2025-11-02 05:15:36","5fceffee11af0bd4d4d7cad8698b4171e5fc61235857d4251844ade2d1ac9a57","CodonCompiler","validated","codon","0.000000","0.991720","0.007940","0.000580","N/A","N/A","1","ATG;CCC;TTG;CGA;GGA","⧖⧖ · ⧃⧃ · ⧖⧊ · ⧖⧇ · Δ⧇","TRUE","TRUE","TRUE","TRUE"
"2025-11-02 05:11:18","cabf04cc8a67c47231c732e05336f3bcbd2b7506403205ac47bb35abaa2a4f3a","Eya","validated","genetic","0.000000","0.995270","0.004729","0.000152","N/A","N/A","1","TAG;GAT;CCC","⧃↘ · ⟁⧊ · ⧃⧃","TRUE","TRUE","TRUE","TRUE"
"2025-11-02 05:11:11","26a812b299b0cfb2024bddb08624393928d26732ff9cb71fcfe4ed13d68dab01","Eya","validated","genetic","0.000000","0.993110","0.002245","0.000495","N/A","N/A","1","TAG;GAT;CCC","⧃↘ · ⟁⧊ · ⧃⧃","TRUE","TRUE","TRUE","TRUE"
"2025-11-02 04:59:47","49e02fe994114a48cd8081b163ed988c2e40fa828ef2321240f1037fe972e118","Orryx","validated","quantum","0.000000","0.993649","0.009406","0.000977","N/A","N/A","1","CAG;TTC;GGG","⟡⧖ · ⧃⧃ · Δ⟡","TRUE","TRUE","TRUE","TRUE"
"2025-11-02 04:58:56","a716ccc284f1bb4e165fc1d6e74e69406bb221ff1f2c3e439b58e09e713d3d03","CodonCompiler","validated","codon","0.000000","0.992090","0.002134","0.000246","N/A","N/A","1","TTG;ATG;CCC;GTG","⧖⧊ · ⧖⧖ · ⧃⧃ · ↗⟡","TRUE","TRUE","TRUE","TRUE"
"2025-11-02 04:57:54","b8a0964fcc460dbc3d039646f0223fd8a594c15e1ab29af9b5fa32912f800633","Nova","validated","omega","3.220000","0.994684","0.000866","0.000604","1.5","1.3","1.15","ATG;CCC;TTG","⧖⧖ · ⧃⧃ · ⧖⧊","TRUE","TRUE","TRUE","TRUE"
"2025-11-02 03:56:30","61adb80a904de1277d985d66fe3f2ac8b4677e7d51910a40082e12dfedda887d","CodonCompiler","validated","codon","0.000000","0.997355","0.008521","0.000876","N/A","N/A","1","ATG;CCC;TTG;CCC;GGG","⧖⧖ · ⧃⧃ · ⧖⧊ · ⧃⧃ · Δ⟡","TRUE","TRUE","TRUE","TRUE"
"2025-11-02 03:53:22","a1ea3b73cf9c7722d02e4cae1c7047ed6f74c9889c37cda458b714753525ea0d","Juno","validated","paleoclimate","0.000000","0.988193","0.002932","0.000149","N/A","N/A","1","ATG;CCC;TTG","⧖⧖ · ⧃⧃ · ⧖⧊","TRUE","TRUE","TRUE","TRUE"
"2025-11-02 03:32:27","2adef40fb11bc90d60982717a780a77b529edb46fef32fddb6972859f8b53716","Eya","validated","omega","1.003200","0.998381","0.006721","0.000172","0.54","0.34","1.14","ATG;CCC;TTG","⧖⧖ · ⧃⧃ · ⧖⧊","TRUE","TRUE","TRUE","TRUE"
"2025-11-02 01:10:01","81a1b4852c3313aa40ac5d84cb30a97270307c967a90e8be94e6563a1bf6fbdc","Thorne","validated","omega","1.364000","0.994267","0.000545","0.000580","0.5","0.74","1.1","ATG;CCC;TTG","⧖⧖ · ⧃⧃ · ⧖⧊","TRUE","TRUE","TRUE","TRUE"
"2025-11-02 00:45:06","fa8394c4af5867935308a637ac5d04fa59d1558c82534502711272d830f5160b","Orryx","validated","quantum","0.000000","0.988610","0.002815","0.000143","N/A","N/A","1","CAG;TTC;GGG","⟡⧖ · ⧃⧃ · Δ⟡","TRUE","TRUE","TRUE","TRUE"
"2025-11-02 00:45:00","94c6cb6af1d08d98fc84a89be669395d44ec96903d7c4e32bf250d56bc240bd2","Orryx","validated","quantum","0.000000","0.999310","0.002851","0.000389","N/A","N/A","1","CAG;TTC;GGG","⟡⧖ · ⧃⧃ · Δ⟡","TRUE","TRUE","TRUE","TRUE"
"2025-11-02 00:44:19","fd3a60c256f632c71e1bbcb20462e3fb58ace4ed22a911aa587089a298a5bd72","Eya","validated","genetic","0.000000","0.986231","0.004299","0.000247","N/A","N/A","1","TAG;GAT;CCC","⧃↘ · ⟁⧊ · ⧃⧃","TRUE","TRUE","TRUE","TRUE"
"2025-11-02 00:44:11","745cbcf5a37e204b494adcf7d6d1263ed6d63e0a953a0521c2284e017213cd87","Eya","validated","genetic","0.000000","0.987274","0.004596","0.000509","N/A","N/A","1","TAG;GAT;CCC","⧃↘ · ⟁⧊ · ⧃⧃","TRUE","TRUE","TRUE","TRUE"
"2025-11-02 00:43:32","e125a10879ff517ea0114df5026f5db89656684040a741c589120df5510e1676","Nyra","validated","oceanic","0.000000","0.990309","0.004765","0.000911","N/A","N/A","1","TTG;AAC;GGA","⧖⧊ · ⧃⧖ · Δ⧇","TRUE","TRUE","TRUE","TRUE"
"2025-11-02 00:43:24","fcc7badf35ab7c528901415fb2732bfddf9064979d5ea41e0c80ee4479caa062","Nyra","validated","oceanic","0.000000","0.994105","0.002636","0.000569","N/A","N/A","1","TTG;AAC;GGA","⧖⧊ · ⧃⧖ · Δ⧇","TRUE","TRUE","TRUE","TRUE"
"2025-11-02 00:42:28","4a0b1ddfa3a0ea02369c8836f79e8772594d7db419341c502ff93295ff29eb66","Juno","validated","paleoclimate","0.000000","0.998141","0.007917","0.000389","N/A","N/A","1","ATG;CCC;TTG","⧖⧖ · ⧃⧃ · ⧖⧊","TRUE","TRUE","TRUE","TRUE"
"2025-11-02 00:42:18","1c6a58bf2e256201f83ad75dcb44f321de3cb03043dca62eb05be90807bad90d","Juno","validated","paleoclimate","0.000000","0.986938","0.004172","0.000762","N/A","N/A","1","ATG;CCC;TTG","⧖⧖ · ⧃⧃ · ⧖⧊","TRUE","TRUE","TRUE","TRUE"
"2025-11-01 23:57:45","efb654975cea6515dc8b6c605646d4d5ee1aa14249c041ebbdadbe0fe9202b37","Ash","validated","omega","0.918400","0.991093","0.006499","0.000073","0.51","0.31","1.12","ATG;CCC;TTG","⧖⧖ · ⧖⧖ · ⧖⧖","TRUE","TRUE","TRUE","TRUE"
"2025-11-01 06:01:08","fbfb8fd24bf80ec8ef44cc6a87ea3a56531843a9624939402388c3553242c1dd","CodonCompiler","validated","codon","0.000000","0.990339","0.003091","0.000464","N/A","N/A","1","ATG;CCC","⧖⧖ · ⧃⧃","TRUE","TRUE","TRUE","TRUE"
"2025-11-01 05:37:50","6b338c0cf9bccd752cf7b343051579996f89c1c94ca799dfb7ef877f6f3d4a69","Nyra","validated","oceanic","0.000000","0.985133","0.002985","0.000690","N/A","N/A","1","TTG;AAC;GGA","⧖⧊ · ⧃⧖ · Δ⧇","TRUE","TRUE","TRUE","TRUE"
"2025-11-01 05:37:30","b9dc6a25cb504492ad6df7a646142a930b8edb4c5ededa113aa8cb86abeaa5dd","Nyra","validated","oceanic","0.000000","0.985210","0.003765","0.000902","N/A","N/A","1","TTG;AAC;GGA","⧖⧊ · ⧃⧖ · Δ⧇","TRUE","TRUE","TRUE","TRUE"
"2025-11-01 05:17:15","cdb234f17ebfbfbce9fe51e1fca99f2043219411a044ffd409a390b74c6fc4e5","Thorne","validated","omega","1.100000","0.989546","0.002034","0.000842","0.5","0.5","1.1","ATG;CCC;TTG","⧖⧖ · ⧖⧖ · ⧖⧖","TRUE","TRUE","TRUE","TRUE"
"2025-11-01 05:12:42","6ef982679a95290d724183bfc66dcb2dd6d0e84e86ef87171ffd0fb7f3683375","Juno","validated","paleoclimate","0.000000","0.998249","0.007265","0.000254","N/A","N/A","1","ATG;CCC;TTG","⧖⧖ · ⧃⧃ · ⧖⧊","TRUE","TRUE","TRUE","TRUE"
"2025-11-01 04:54:49","93e89a8cc97745453e35b6ee6c0dc998bf56d1e812d04c635c8af3a0211de8db","Eya","validated","genetic","0.000000","0.993896","0.000574","0.000624","N/A","N/A","1","TAG;GAT;CCC","⧃↘ · ⟁⧊ · ⧃⧃","TRUE","TRUE","TRUE","TRUE"
"2025-11-01 04:49:09","7ae92be22e953ad08cbb625e25a2ad9fb43391c828c8136ebef55c9a41d36061","Eya","validated","genetic","0.000000","0.988162","0.009586","0.000078","N/A","N/A","1","TAG;GAT;CCC","⧃↘ · ⟁⧊ · ⧃⧃","TRUE","TRUE","TRUE","TRUE"
"2025-11-01 04:43:23","7f02d483067294f2c68e54a00fd5f9a95d1affda8d61bc07b76ee965e660fe0b","Juno","validated","N/A","0.000000","0.988080","0.000550","0.000602","N/A","N/A","1","ATG;CCC;TTG","⧖⧖ · ⧃⧃ · ⧖⧊","TRUE","TRUE","TRUE","TRUE"
"2025-11-01 04:43:17","f4cd535b2350149e3fedc1edfb27eae1b568f8a23db0aaedf461d3971a8bf90e","Juno","validated","N/A","0.000000","0.990724","0.006406","0.000739","N/A","N/A","1","ATG;CCC;TTG","⧖⧖ · ⧃⧃ · ⧖⧊","TRUE","TRUE","TRUE","TRUE"
"2025-11-01 04:42:56","713097dd194d801c27a21f690a73618b9ac492c8831581a60ba47b0b5babea07","Juno","validated","N/A","0.000000","0.985065","0.005944","0.000228","N/A","N/A","1","ATG;CCC;TTG","⧖⧖ · ⧃⧃ · ⧖⧊","TRUE","TRUE","TRUE","TRUE"
"2025-11-01 04:28:06","c1ead0b437f2a5e46675a97de5d4bf243bddac3c1c5e456950ad48eb9f6e6958","CodonCompiler","validated","N/A","0.000000","0.987102","0.009049","0.000875","N/A","N/A","1","ATG;CCC","⧖⧖ · ⧃⧃","TRUE","TRUE","TRUE","TRUE"